<?xml version="1.0" encoding="UTF-8"?>
<GenRun Id="impl_1" LaunchPart="xc7z010clg400-1" LaunchTime="1637003711">
  <File Type="BITSTR-BMM" Name="IIR16bit_bd.bmm"/>
  <File Type="OPT-METHODOLOGY-DRC" Name="IIR16bit_methodology_drc_opted.rpt"/>
  <File Type="INIT-TIMING" Name="IIR16bit_timing_summary_init.rpt"/>
  <File Type="ROUTE-PWR" Name="IIR16bit_power_routed.rpt"/>
  <File Type="PA-TCL" Name="IIR16bit.tcl"/>
  <File Type="OPT-TIMING" Name="IIR16bit_timing_summary_opted.rpt"/>
  <File Type="OPT-DCP" Name="IIR16bit_opt.dcp"/>
  <File Type="ROUTE-PWR-SUM" Name="IIR16bit_power_summary_routed.pb"/>
  <File Type="REPORTS-TCL" Name="IIR16bit_reports.tcl"/>
  <File Type="OPT-DRC" Name="IIR16bit_drc_opted.rpt"/>
  <File Type="OPT-HWDEF" Name="IIR16bit.hwdef"/>
  <File Type="PWROPT-DCP" Name="IIR16bit_pwropt.dcp"/>
  <File Type="PWROPT-DRC" Name="IIR16bit_drc_pwropted.rpt"/>
  <File Type="PWROPT-TIMING" Name="IIR16bit_timing_summary_pwropted.rpt"/>
  <File Type="PLACE-DCP" Name="IIR16bit_placed.dcp"/>
  <File Type="PLACE-IO" Name="IIR16bit_io_placed.rpt"/>
  <File Type="PLACE-CLK" Name="IIR16bit_clock_utilization_placed.rpt"/>
  <File Type="PLACE-UTIL" Name="IIR16bit_utilization_placed.rpt"/>
  <File Type="PLACE-UTIL-PB" Name="IIR16bit_utilization_placed.pb"/>
  <File Type="PLACE-CTRL" Name="IIR16bit_control_sets_placed.rpt"/>
  <File Type="PLACE-SIMILARITY" Name="IIR16bit_incremental_reuse_placed.rpt"/>
  <File Type="PLACE-PRE-SIMILARITY" Name="IIR16bit_incremental_reuse_pre_placed.rpt"/>
  <File Type="BG-BGN" Name="IIR16bit.bgn"/>
  <File Type="PLACE-TIMING" Name="IIR16bit_timing_summary_placed.rpt"/>
  <File Type="POSTPLACE-PWROPT-DCP" Name="IIR16bit_postplace_pwropt.dcp"/>
  <File Type="BG-BIN" Name="IIR16bit.bin"/>
  <File Type="POSTPLACE-PWROPT-TIMING" Name="IIR16bit_timing_summary_postplace_pwropted.rpt"/>
  <File Type="PHYSOPT-DCP" Name="IIR16bit_physopt.dcp"/>
  <File Type="PHYSOPT-DRC" Name="IIR16bit_drc_physopted.rpt"/>
  <File Type="BITSTR-MSK" Name="IIR16bit.msk"/>
  <File Type="PHYSOPT-TIMING" Name="IIR16bit_timing_summary_physopted.rpt"/>
  <File Type="ROUTE-ERROR-DCP" Name="IIR16bit_routed_error.dcp"/>
  <File Type="ROUTE-DCP" Name="IIR16bit_routed.dcp"/>
  <File Type="ROUTE-BLACKBOX-DCP" Name="IIR16bit_routed_bb.dcp"/>
  <File Type="ROUTE-DRC" Name="IIR16bit_drc_routed.rpt"/>
  <File Type="ROUTE-DRC-PB" Name="IIR16bit_drc_routed.pb"/>
  <File Type="BITSTR-LTX" Name="debug_nets.ltx"/>
  <File Type="BITSTR-LTX" Name="IIR16bit.ltx"/>
  <File Type="ROUTE-DRC-RPX" Name="IIR16bit_drc_routed.rpx"/>
  <File Type="BITSTR-MMI" Name="IIR16bit.mmi"/>
  <File Type="ROUTE-METHODOLOGY-DRC" Name="IIR16bit_methodology_drc_routed.rpt"/>
  <File Type="ROUTE-METHODOLOGY-DRC-RPX" Name="IIR16bit_methodology_drc_routed.rpx"/>
  <File Type="BITSTR-SYSDEF" Name="IIR16bit.sysdef"/>
  <File Type="ROUTE-METHODOLOGY-DRC-PB" Name="IIR16bit_methodology_drc_routed.pb"/>
  <File Type="ROUTE-PWR-RPX" Name="IIR16bit_power_routed.rpx"/>
  <File Type="ROUTE-STATUS" Name="IIR16bit_route_status.rpt"/>
  <File Type="ROUTE-STATUS-PB" Name="IIR16bit_route_status.pb"/>
  <File Type="ROUTE-TIMINGSUMMARY" Name="IIR16bit_timing_summary_routed.rpt"/>
  <File Type="ROUTE-TIMING-PB" Name="IIR16bit_timing_summary_routed.pb"/>
  <File Type="ROUTE-TIMING-RPX" Name="IIR16bit_timing_summary_routed.rpx"/>
  <File Type="ROUTE-SIMILARITY" Name="IIR16bit_incremental_reuse_routed.rpt"/>
  <File Type="ROUTE-CLK" Name="IIR16bit_clock_utilization_routed.rpt"/>
  <File Type="ROUTE-BUS-SKEW" Name="IIR16bit_bus_skew_routed.rpt"/>
  <File Type="ROUTE-BUS-SKEW-PB" Name="IIR16bit_bus_skew_routed.pb"/>
  <File Type="ROUTE-BUS-SKEW-RPX" Name="IIR16bit_bus_skew_routed.rpx"/>
  <File Type="POSTROUTE-PHYSOPT-DCP" Name="IIR16bit_postroute_physopt.dcp"/>
  <File Type="POSTROUTE-PHYSOPT-BLACKBOX-DCP" Name="IIR16bit_postroute_physopt_bb.dcp"/>
  <File Type="POSTROUTE-PHYSOPT-TIMING" Name="IIR16bit_timing_summary_postroute_physopted.rpt"/>
  <File Type="POSTROUTE-PHYSOPT-TIMING-PB" Name="IIR16bit_timing_summary_postroute_physopted.pb"/>
  <File Type="POSTROUTE-PHYSOPT-TIMING-RPX" Name="IIR16bit_timing_summary_postroute_physopted.rpx"/>
  <File Type="POSTROUTE-PHYSOPT-BUS-SKEW" Name="IIR16bit_bus_skew_postroute_physopted.rpt"/>
  <File Type="POSTROUTE-PHYSOPT-BUS-SKEW-PB" Name="IIR16bit_bus_skew_postroute_physopted.pb"/>
  <File Type="BG-BIT" Name="IIR16bit.bit"/>
  <File Type="POSTROUTE-PHYSOPT-BUS-SKEW-RPX" Name="IIR16bit_bus_skew_postroute_physopted.rpx"/>
  <File Type="BITSTR-RBT" Name="IIR16bit.rbt"/>
  <File Type="BITSTR-NKY" Name="IIR16bit.nky"/>
  <File Type="BG-DRC" Name="IIR16bit.drc"/>
  <File Type="RDI-RDI" Name="IIR16bit.vdi"/>
  <File Type="WBT-USG" Name="usage_statistics_webtalk.html"/>
  <FileSet Name="sources" Type="DesignSrcs" RelSrcDir="$PSRCDIR/sources_1">
    <Filter Type="Srcs"/>
    <File Path="$PPRDIR/../vhdl/src/IIR.vhd">
      <FileInfo>
        <Attr Name="UsedIn" Val="synthesis"/>
        <Attr Name="UsedIn" Val="simulation"/>
      </FileInfo>
    </File>
    <File Path="$PPRDIR/../vhdl/src/d_flip_flop.vhd">
      <FileInfo>
        <Attr Name="UsedIn" Val="synthesis"/>
        <Attr Name="UsedIn" Val="simulation"/>
      </FileInfo>
    </File>
    <File Path="$PPRDIR/../vhdl/src/full_adder.vhd">
      <FileInfo>
        <Attr Name="UsedIn" Val="synthesis"/>
        <Attr Name="UsedIn" Val="simulation"/>
      </FileInfo>
    </File>
    <File Path="$PPRDIR/../vhdl/src/full_adder_substractor.vhd">
      <FileInfo>
        <Attr Name="UsedIn" Val="synthesis"/>
        <Attr Name="UsedIn" Val="simulation"/>
      </FileInfo>
    </File>
    <File Path="$PPRDIR/../vhdl/src/register.vhd">
      <FileInfo>
        <Attr Name="UsedIn" Val="synthesis"/>
        <Attr Name="UsedIn" Val="simulation"/>
      </FileInfo>
    </File>
    <File Path="$PPRDIR/../vhdl/src/ripple_carry_adder.vhd">
      <FileInfo>
        <Attr Name="UsedIn" Val="synthesis"/>
        <Attr Name="UsedIn" Val="simulation"/>
      </FileInfo>
    </File>
    <File Path="$PPRDIR/../vhdl/src/ripple_carry_adder_substractor.vhd">
      <FileInfo>
        <Attr Name="UsedIn" Val="synthesis"/>
        <Attr Name="UsedIn" Val="simulation"/>
      </FileInfo>
    </File>
    <File Path="$PPRDIR/../vhdl/src/IIR_16.vhd">
      <FileInfo>
        <Attr Name="UsedIn" Val="synthesis"/>
        <Attr Name="UsedIn" Val="simulation"/>
      </FileInfo>
    </File>
    <File Path="$PSRCDIR/sources_1/bd/design_1/design_1.bd">
      <FileInfo>
        <Attr Name="AutoDisabled" Val="1"/>
        <Attr Name="UsedIn" Val="synthesis"/>
        <Attr Name="UsedIn" Val="implementation"/>
        <Attr Name="UsedIn" Val="simulation"/>
      </FileInfo>
    </File>
    <File Path="$PPRDIR/../db/src/IIR.vhd">
      <FileInfo>
        <Attr Name="AutoDisabled" Val="1"/>
        <Attr Name="UsedIn" Val="synthesis"/>
        <Attr Name="UsedIn" Val="simulation"/>
      </FileInfo>
    </File>
    <File Path="$PPRDIR/../db/src/d_flip_flop.vhd">
      <FileInfo>
        <Attr Name="AutoDisabled" Val="1"/>
        <Attr Name="UsedIn" Val="synthesis"/>
        <Attr Name="UsedIn" Val="simulation"/>
      </FileInfo>
    </File>
    <File Path="$PPRDIR/../db/src/full_adder.vhd">
      <FileInfo>
        <Attr Name="AutoDisabled" Val="1"/>
        <Attr Name="UsedIn" Val="synthesis"/>
        <Attr Name="UsedIn" Val="simulation"/>
      </FileInfo>
    </File>
    <File Path="$PPRDIR/../db/src/full_adder_substractor.vhd">
      <FileInfo>
        <Attr Name="AutoDisabled" Val="1"/>
        <Attr Name="UsedIn" Val="synthesis"/>
        <Attr Name="UsedIn" Val="simulation"/>
      </FileInfo>
    </File>
    <File Path="$PPRDIR/../db/src/register.vhd">
      <FileInfo>
        <Attr Name="AutoDisabled" Val="1"/>
        <Attr Name="UsedIn" Val="synthesis"/>
        <Attr Name="UsedIn" Val="simulation"/>
      </FileInfo>
    </File>
    <File Path="$PPRDIR/../db/src/ripple_carry_adder.vhd">
      <FileInfo>
        <Attr Name="AutoDisabled" Val="1"/>
        <Attr Name="UsedIn" Val="synthesis"/>
        <Attr Name="UsedIn" Val="simulation"/>
      </FileInfo>
    </File>
    <File Path="$PPRDIR/../db/src/ripple_carry_adder_substractor.vhd">
      <FileInfo>
        <Attr Name="AutoDisabled" Val="1"/>
        <Attr Name="UsedIn" Val="synthesis"/>
        <Attr Name="UsedIn" Val="simulation"/>
      </FileInfo>
    </File>
    <File Path="$PPRDIR/../db/src/IIR_16.vhd">
      <FileInfo>
        <Attr Name="AutoDisabled" Val="1"/>
        <Attr Name="UsedIn" Val="synthesis"/>
        <Attr Name="UsedIn" Val="simulation"/>
      </FileInfo>
    </File>
    <Config>
      <Option Name="DesignMode" Val="RTL"/>
      <Option Name="TopModule" Val="IIR16bit"/>
      <Option Name="TopAutoSet" Val="TRUE"/>
    </Config>
  </FileSet>
  <FileSet Name="constrs_in" Type="Constrs" RelSrcDir="$PSRCDIR/constrs_1">
    <Filter Type="Constrs"/>
    <File Path="$PSRCDIR/constrs_1/new/clock_constrain.xdc">
      <FileInfo>
        <Attr Name="UsedIn" Val="synthesis"/>
        <Attr Name="UsedIn" Val="implementation"/>
      </FileInfo>
    </File>
    <Config>
      <Option Name="TargetConstrsFile" Val="$PSRCDIR/constrs_1/new/clock_constrain.xdc"/>
      <Option Name="ConstrsType" Val="XDC"/>
    </Config>
  </FileSet>
  <FileSet Name="utils" Type="Utils" RelSrcDir="$PSRCDIR/utils_1">
    <Filter Type="Utils"/>
    <Config>
      <Option Name="TopAutoSet" Val="TRUE"/>
    </Config>
  </FileSet>
  <Strategy Version="1" Minor="2">
    <StratHandle Name="Vivado Implementation Defaults" Flow="Vivado Implementation 2018"/>
    <Step Id="init_design"/>
    <Step Id="opt_design"/>
    <Step Id="power_opt_design"/>
    <Step Id="place_design"/>
    <Step Id="post_place_power_opt_design"/>
    <Step Id="phys_opt_design"/>
    <Step Id="route_design"/>
    <Step Id="post_route_phys_opt_design"/>
    <Step Id="write_bitstream"/>
  </Strategy>
</GenRun>
